/*
SQLyog Community v13.1.6 (64 bit)
MySQL - 8.1.-log : Database - jobsdb
*********************************************************************
*/

/*!40101 SET NAMES utf8 */;

/*!40101 SET SQL_MODE=''*/;

/*!40014 SET @OLD_UNIQUE_CHECKS=@@UNIQUE_CHECKS, UNIQUE_CHECKS=0 */;
/*!40014 SET @OLD_FOREIGN_KEY_CHECKS=@@FOREIGN_KEY_CHECKS, FOREIGN_KEY_CHECKS=0 */;
/*!40101 SET @OLD_SQL_MODE=@@SQL_MODE, SQL_MODE='NO_AUTO_VALUE_ON_ZERO' */;
/*!40111 SET @OLD_SQL_NOTES=@@SQL_NOTES, SQL_NOTES=0 */;
CREATE DATABASE /*!32312 IF NOT EXISTS*/`jobsdb` /*!40100 DEFAULT CHARACTER SET utf8 */;

USE `jobsdb`;

/*Table structure for table `companytable` */

DROP TABLE IF EXISTS `companytable`;

CREATE TABLE `companytable` (
  `companyNumber` int(11) NOT NULL AUTO_INCREMENT,
  `companyId` varchar(11) DEFAULT NULL,
  `companyName` varchar(30) DEFAULT NULL,
  `companyPosition` varchar(20) DEFAULT NULL,
  `companyPerson` varchar(10) DEFAULT NULL,
  `companyPhone` varchar(11) DEFAULT NULL,
  `companyCount` varchar(10) DEFAULT NULL,
  `companyLearn` varchar(200) DEFAULT NULL,
  `companyRequest` varchar(20) DEFAULT NULL,
  `companyMoney` varchar(20) DEFAULT NULL,
  `companyAddress` varchar(30) DEFAULT NULL,
  `companySign` int(11) DEFAULT NULL,
  `companyFlag` int(11) DEFAULT NULL,
  PRIMARY KEY (`companyNumber`)
) ENGINE=InnoDB AUTO_INCREMENT=174 DEFAULT CHARSET=utf8;

/*Data for the table `companytable` */

insert  into `companytable`(`companyNumber`,`companyId`,`companyName`,`companyPosition`,`companyPerson`,`companyPhone`,`companyCount`,`companyLearn`,`companyRequest`,`companyMoney`,`companyAddress`,`companySign`,`companyFlag`) values 
(1,'13111111111','天马科技有限公司','java工程师','小南','13111111111','2-3人','本科以上','有开发经验优先','7千~1万5','广州',1,0),
(2,'13111111111','天马科技有限公司','C++opencv开发','小南','13111111111','1-3人','大专以上','有开发经验优先','6千~1万8','广州',1,0),
(3,'13111111111','天马科技有限公司','java web 开发','小南','13111111111','2-3人','本科以上','有开发经验优先','6千~1万5','广州',0,0),
(4,'13122222222','天美科技有限公司','java开发工程师','小西','13122222222','1-3人','本科以上','有开发经验优先','5千~2万5','深圳',0,0),
(5,'13122222222','天美科技有限公司','python后端开发','小西','13122222222','2-3人','大专','有开发经验优先','6千~1万6','深圳',0,0),
(6,'13111111111','天马科技有限公司','微信小程序开发','小南','13111111111','2-3人','本科以上','有开发经验优先','7千~2万','广州',0,0),
(7,'13111111111','天马科技有限公司','java后端开发','小南','13111111111','1-3人','大专以上','有开发经验优先','6千~1万5','广州',0,0),
(8,'13111111111','天马科技有限公司','Android UI开发','小南','13111111111','2-3人','本科以上','有开发经验优先','5千~1万8','广州',0,0),
(9,'13122222222','天美科技有限公司','前端架构工程师','小西','13122222222','1-3人','本科以上','有开发经验优先','8千~1万3','深圳',0,0),
(10,'13122222222','天美科技有限公司','嵌入式开发','小西','13122222222','2-3人','大专','有开发经验优先','8千~1万9','深圳',0,0),
(11,'13133333333','天猫科技有限公司','前端架构工程师','小北','13133333333','2-5人','本科以上','有开发3年经验优先','6千~2万2','广州花都区',0,0),
(12,'13133333333','天猫科技有限公司','网页设计开发','小北','13133333333','2-3人','本科以上','有开发2年经验优先','6千~1万2','广州越秀区',0,0),
(13,'13133333333','天猫科技有限公司','Android UI开发','小北','13133333333','1-3人','本科以上','有开发年经验优先','7千~2万','深圳区',0,0),
(14,'13133333333','天猫科技有限公司','java web 前端','小北','13133333333','2-3人','本科以上','有开发2年经验优先','6千~1万2','广州天河区',0,0),
(15,'13477777777','字节跳动科技有限公司','前端架构工程师','小红','13477777777','2-5人','本科以上','有开发3年经验优先','6千~2万2','广州越秀区',0,0),
(16,'13477777777','字节跳动科技有限公司','网页设计开发','小红','13477777777','2-3人','本科以上','有开发2年经验优先','6千~1万2','广州天河区',0,0),
(17,'13477777777','字节跳动科技有限公司','Android UI开发','小红','13477777777','1-3人','本科以上','有开发年经验优先','7千~2万','深圳区',0,0),
(18,'13477777777','字节跳动科技有限公司','java web 前端','小红','13477777777','2-3人','本科以上','有开发2年经验优先','6千~1万2','广州花都区',0,0),
(19,'13488888888','阿里巴巴科技有限公司','前端架构工程师','小中','13488888888','2-5人','本科以上','有开发3年经验优先','8千~2万2','广州花都区',0,0),
(20,'13488888888','阿里巴巴科技有限公司','网页设计开发','小中','13488888888','2-3人','本科以上','有开发2年经验优先','8千~1万6','广州越秀区',0,0),
(21,'13488888888','阿里巴巴科技有限公司','Android UI开发','小中','13488888888','1-3人','本科以上','有开发年经验优先','7千~2万','深圳南山区',0,0),
(22,'13488888888','阿里巴巴科技有限公司','java web 前端','小中','13488888888','2-3人','本科以上','有开发2年经验优先','6千~1万8','广州天河区',0,0),
(23,'13499999999','风腾科技有限公司','网页设计开发','小发','13499999999','2-3人','本科以上','有开发2年经验优先','6千~1万2','广州天河区',0,0),
(24,'13499999999','风腾科技有限公司','Android UI开发','小发','13499999999','1-3人','本科以上','有开发年经验优先','7千~2万','深圳区',0,0),
(25,'13499999999','风腾科技有限公司','java web 前端','小发','13499999999','2-3人','本科以上','有开发2年经验优先','6千~1万2','广州花都区',0,0),
(26,'13499999999','风腾科技有限公司','前端架构工程师','小发','13499999999','2-5人','本科以上','有开发3年经验优先','8千~2万2','广州花都区',0,0),
(27,'13499999999','风腾科技有限公司','网页设计开发','小发','13499999999','2-3人','本科以上','有开发2年经验优先','8千~1万6','广州越秀区',0,0),
(28,'13133333333','天猫科技有限公司','前端架构工程师','小北','13133333333','2-5人','本科以上','有开发3年经验优先','6千~2万2','广州',0,0),
(29,'13133333333','天猫科技有限公司','网页设计开发','小北','13133333333','2-3人','本科以上','有开发2年经验优先','6千~1万2','广州越秀',0,0),
(30,'13133333333','天猫科技有限公司','Android UI开发','小北','13133333333','1-3人','本科以上','有开发年经验优先','7千~2万','深圳',0,0),
(31,'13133333333','天猫科技有限公司','java web 前端','小北','13133333333','2-3人','本科以上','有开发2年经验优先','6千~1万2','广州天河区',0,0),
(32,'13477777777','字节跳动科技有限公司','前端架构工程师','小北','13477777777','2-5人','本科以上','有开发3年经验优先','6千~2万2','广州越秀区',0,0),
(33,'13477777777','字节跳动科技有限公司','网页设计开发','小北','13477777777','2-3人','本科以上','有开发2年经验优先','6千~1万2','广州天河区',0,0),
(34,'13477777777','字节跳动科技有限公司','Android UI开发','小北','13477777777','1-3人','本科以上','有开发年经验优先','7千~2万','深圳',0,0),
(35,'13477777777','字节跳动科技有限公司','java web 前端','小北','13477777777','2-3人','本科以上','有开发2年经验优先','6千~1万2','广州花都区',0,0),
(36,'13488888888','阿里巴巴科技有限公司','前端架构工程师','小北','13488888888','2-5人','本科以上','有开发3年经验优先','8千~2万2','广州花都区',0,0),
(37,'13488888888','阿里巴巴科技有限公司','网页设计开发','小北','13488888888','2-3人','本科以上','有开发2年经验优先','8千~1万6','广州越秀区',0,0),
(38,'13488888888','阿里巴巴科技有限公司','Android UI开发','小北','13488888888','1-3人','本科以上','有开发年经验优先','7千~2万','深圳南山区',0,0),
(39,'13488888888','阿里巴巴科技有限公司','java web 前端','小北','13488888888','2-3人','本科以上','有开发2年经验优先','6千~1万8','广州天河区',0,0),
(40,'13499999999','风腾科技有限公司','网页设计开发','小发','13499999999','2-3人','本科以上','有开发2年经验优先','6千~1万2','广州天河区',0,0),
(41,'13499999999','风腾科技有限公司','Android UI开发','小发','13499999999','1-3人','本科以上','有开发年经验优先','7千~2万','深圳',0,0),
(42,'13499999999','风腾科技有限公司','java web 前端','小发','13499999999','2-3人','本科以上','有开发2年经验优先','6千~1万2','广州',0,0),
(43,'13499999999','风腾科技有限公司','前端架构工程师','小发','13499999999','2-5人','本科以上','有开发3年经验优先','8千~2万2','广州花都区',0,0),
(44,'13499999999','风腾科技有限公司','网页设计开发','小发','13499999999','2-3人','本科以上','有开发2年经验优先','8千~1万6','广州越秀区',0,0),
(45,'13133333333','天猫科技有限公司','前端架构工程师','小北','13133333333','2-5人','本科以上','有开发3年经验优先','6千~2万2','广州',0,0),
(46,'13133333333','天猫科技有限公司','网页设计开发','小北','13133333333','2-3人','本科以上','有开发2年经验优先','6千~1万2','广州越秀',0,0),
(47,'13133333333','天猫科技有限公司','Android UI开发','小北','13133333333','1-3人','本科以上','有开发年经验优先','7千~2万','深圳',0,0),
(48,'13133333333','天猫科技有限公司','java web 前端','小北','13133333333','2-3人','本科以上','有开发2年经验优先','6千~1万2','广州天河区',0,0),
(49,'13477777777','字节跳动科技有限公司','前端架构工程师','小北','13477777777','2-5人','本科以上','有开发3年经验优先','6千~2万2','广州越秀区',0,0),
(50,'13477777777','字节跳动科技有限公司','网页设计开发','小北','13477777777','2-3人','本科以上','有开发2年经验优先','6千~1万2','广州天河区',0,0),
(51,'13477777777','字节跳动科技有限公司','Android UI开发','小北','13477777777','1-3人','本科以上','有开发年经验优先','7千~2万','深圳',0,0),
(52,'13477777777','字节跳动科技有限公司','java web 前端','小北','13477777777','2-3人','本科以上','有开发2年经验优先','6千~1万2','广州花都区',0,0),
(53,'13488888888','阿里巴巴科技有限公司','前端架构工程师','小北','13488888888','2-5人','本科以上','有开发3年经验优先','8千~2万2','广州花都区',0,0),
(54,'13488888888','阿里巴巴科技有限公司','网页设计开发','小北','13488888888','2-3人','本科以上','有开发2年经验优先','8千~1万6','广州越秀区',0,0),
(55,'13488888888','阿里巴巴科技有限公司','Android UI开发','小北','13488888888','1-3人','本科以上','有开发年经验优先','7千~2万','深圳南山区',0,0),
(56,'13488888888','阿里巴巴科技有限公司','java web 前端','小北','13488888888','2-3人','本科以上','有开发2年经验优先','6千~1万8','广州天河区',0,0),
(57,'13499999999','风腾科技有限公司','网页设计开发','小发','13499999999','2-3人','本科以上','有开发2年经验优先','6千~1万2','广州天河区',0,0),
(58,'13499999999','风腾科技有限公司','Android UI开发','小发','13499999999','1-3人','本科以上','有开发年经验优先','7千~2万','深圳',0,0),
(59,'13499999999','风腾科技有限公司','java web 前端','小发','13499999999','2-3人','本科以上','有开发2年经验优先','6千~1万2','广州',0,0),
(60,'13499999999','风腾科技有限公司','前端架构工程师','小发','13499999999','2-5人','本科以上','有开发3年经验优先','8千~2万2','广州花都区',0,0),
(61,'13499999999','风腾科技有限公司','网页设计开发','小发','13499999999','2-3人','本科以上','有开发2年经验优先','8千~1万6','广州越秀区',0,0),
(62,'13133333333','天猫科技有限公司','前端架构工程师','小北','13133333333','2-5人','本科以上','有开发3年经验优先','6千~2万2','广州',0,0),
(63,'13133333333','天猫科技有限公司','网页设计开发','小北','13133333333','2-3人','本科以上','有开发2年经验优先','6千~1万2','广州越秀',0,0),
(64,'13133333333','天猫科技有限公司','Android UI开发','小北','13133333333','1-3人','本科以上','有开发年经验优先','7千~2万','深圳',0,0),
(65,'13133333333','天猫科技有限公司','java web 前端','小北','13133333333','2-3人','本科以上','有开发2年经验优先','6千~1万2','广州天河区',0,0),
(66,'13477777777','字节跳动科技有限公司','前端架构工程师','小北','13477777777','2-5人','本科以上','有开发3年经验优先','6千~2万2','广州越秀区',0,0),
(67,'13477777777','字节跳动科技有限公司','网页设计开发','小北','13477777777','2-3人','本科以上','有开发2年经验优先','6千~1万2','广州天河区',0,0),
(68,'13477777777','字节跳动科技有限公司','Android UI开发','小北','13477777777','1-3人','本科以上','有开发年经验优先','7千~2万','深圳',0,0),
(69,'13477777777','字节跳动科技有限公司','java web 前端','小北','13477777777','2-3人','本科以上','有开发2年经验优先','6千~1万2','广州花都区',0,0),
(70,'13488888888','阿里巴巴科技有限公司','前端架构工程师','小北','13488888888','2-5人','本科以上','有开发3年经验优先','8千~2万2','广州花都区',0,0),
(71,'13488888888','阿里巴巴科技有限公司','网页设计开发','小北','13488888888','2-3人','本科以上','有开发2年经验优先','8千~1万6','广州越秀区',0,0),
(72,'13488888888','阿里巴巴科技有限公司','Android UI开发','小北','13488888888','1-3人','本科以上','有开发年经验优先','7千~2万','深圳南山区',0,0),
(73,'13488888888','阿里巴巴科技有限公司','java web 前端','小北','13488888888','2-3人','本科以上','有开发2年经验优先','6千~1万8','广州天河区',0,0),
(74,'13499999999','风腾科技有限公司','网页设计开发','小发','13499999999','2-3人','本科以上','有开发2年经验优先','6千~1万2','广州天河区',0,0),
(75,'13499999999','风腾科技有限公司','Android UI开发','小发','13499999999','1-3人','本科以上','有开发年经验优先','7千~2万','深圳',0,0),
(76,'13499999999','风腾科技有限公司','java web 前端','小发','13499999999','2-3人','本科以上','有开发2年经验优先','6千~1万2','广州',0,0),
(77,'13499999999','风腾科技有限公司','前端架构工程师','小发','13499999999','2-5人','本科以上','有开发3年经验优先','8千~2万2','广州花都区',0,0),
(78,'13499999999','风腾科技有限公司','网页设计开发','小发','13499999999','2-3人','本科以上','有开发2年经验优先','8千~1万6','广州越秀区',0,0),
(79,'13133333333','天猫科技有限公司','前端架构工程师','小北','13133333333','2-5人','本科以上','有开发3年经验优先','6千~2万2','广州',0,0),
(80,'13133333333','天猫科技有限公司','网页设计开发','小北','13133333333','2-3人','本科以上','有开发2年经验优先','6千~1万2','广州越秀',0,0),
(81,'13133333333','天猫科技有限公司','Android UI开发','小北','13133333333','1-3人','本科以上','有开发年经验优先','7千~2万','深圳',0,0),
(82,'13133333333','天猫科技有限公司','java web 前端','小北','13133333333','2-3人','本科以上','有开发2年经验优先','6千~1万2','广州天河区',0,0),
(83,'13477777777','字节跳动科技有限公司','前端架构工程师','小北','13477777777','2-5人','本科以上','有开发3年经验优先','6千~2万2','广州越秀区',0,0),
(84,'13477777777','字节跳动科技有限公司','网页设计开发','小北','13477777777','2-3人','本科以上','有开发2年经验优先','6千~1万2','广州天河区',0,0),
(85,'13477777777','字节跳动科技有限公司','Android UI开发','小北','13477777777','1-3人','本科以上','有开发年经验优先','7千~2万','深圳',0,0),
(86,'13477777777','字节跳动科技有限公司','java web 前端','小北','13477777777','2-3人','本科以上','有开发2年经验优先','6千~1万2','广州花都区',0,0),
(87,'13488888888','阿里巴巴科技有限公司','前端架构工程师','小北','13488888888','2-5人','本科以上','有开发3年经验优先','8千~2万2','广州花都区',0,0),
(88,'13488888888','阿里巴巴科技有限公司','网页设计开发','小北','13488888888','2-3人','本科以上','有开发2年经验优先','8千~1万6','广州越秀区',0,0),
(89,'13488888888','阿里巴巴科技有限公司','Android UI开发','小北','13488888888','1-3人','本科以上','有开发年经验优先','7千~2万','深圳南山区',0,0),
(90,'13488888888','阿里巴巴科技有限公司','java web 前端','小北','13488888888','2-3人','本科以上','有开发2年经验优先','6千~1万8','广州天河区',0,0),
(91,'13499999999','风腾科技有限公司','网页设计开发','小发','13499999999','2-3人','本科以上','有开发2年经验优先','6千~1万2','广州天河区',0,0),
(92,'13499999999','风腾科技有限公司','Android UI开发','小发','13499999999','1-3人','本科以上','有开发年经验优先','7千~2万','深圳',0,0),
(93,'13499999999','风腾科技有限公司','java web 前端','小发','13499999999','2-3人','本科以上','有开发2年经验优先','6千~1万2','广州',0,0),
(94,'13499999999','风腾科技有限公司','前端架构工程师','小发','13499999999','2-5人','本科以上','有开发3年经验优先','8千~2万2','广州花都区',0,0),
(95,'13499999999','风腾科技有限公司','网页设计开发','小发','13499999999','2-3人','本科以上','有开发2年经验优先','8千~1万6','广州越秀区',0,0),
(96,'13133333333','天猫科技有限公司','前端架构工程师','小北','13133333333','2-5人','本科以上','有开发3年经验优先','6千~2万2','广州',0,0),
(97,'13133333333','天猫科技有限公司','网页设计开发','小北','13133333333','2-3人','本科以上','有开发2年经验优先','6千~1万2','广州越秀',0,0),
(98,'13133333333','天猫科技有限公司','Android UI开发','小北','13133333333','1-3人','本科以上','有开发年经验优先','7千~2万','深圳',0,0),
(99,'13133333333','天猫科技有限公司','java web 前端','小北','13133333333','2-3人','本科以上','有开发2年经验优先','6千~1万2','广州天河区',0,0),
(100,'13477777777','字节跳动科技有限公司','前端架构工程师','小北','13477777777','2-5人','本科以上','有开发3年经验优先','6千~2万2','广州越秀区',0,0),
(101,'13477777777','字节跳动科技有限公司','网页设计开发','小北','13477777777','2-3人','本科以上','有开发2年经验优先','6千~1万2','广州天河区',0,0),
(102,'13477777777','字节跳动科技有限公司','Android UI开发','小北','13477777777','1-3人','本科以上','有开发年经验优先','7千~2万','深圳',0,0),
(103,'13477777777','字节跳动科技有限公司','java web 前端','小北','13477777777','2-3人','本科以上','有开发2年经验优先','6千~1万2','广州花都区',0,0),
(104,'13488888888','阿里巴巴科技有限公司','前端架构工程师','小北','13488888888','2-5人','本科以上','有开发3年经验优先','8千~2万2','广州花都区',0,0),
(105,'13488888888','阿里巴巴科技有限公司','网页设计开发','小北','13488888888','2-3人','本科以上','有开发2年经验优先','8千~1万6','广州越秀区',0,0),
(106,'13488888888','阿里巴巴科技有限公司','Android UI开发','小北','13488888888','1-3人','本科以上','有开发年经验优先','7千~2万','深圳南山区',0,0),
(107,'13488888888','阿里巴巴科技有限公司','java web 前端','小北','13488888888','2-3人','本科以上','有开发2年经验优先','6千~1万8','广州天河区',0,0),
(108,'13499999999','风腾科技有限公司','网页设计开发','小发','13499999999','2-3人','本科以上','有开发2年经验优先','6千~1万2','广州天河区',0,0),
(109,'13499999999','风腾科技有限公司','Android UI开发','小发','13499999999','1-3人','本科以上','有开发年经验优先','7千~2万','深圳',0,0),
(110,'13499999999','风腾科技有限公司','java web 前端','小发','13499999999','2-3人','本科以上','有开发2年经验优先','6千~1万2','广州',0,0),
(111,'13499999999','风腾科技有限公司','前端架构工程师','小发','13499999999','2-5人','本科以上','有开发3年经验优先','8千~2万2','广州花都区',0,0),
(112,'13499999999','风腾科技有限公司','网页设计开发','小发','13499999999','2-3人','本科以上','有开发2年经验优先','8千~1万6','广州越秀区',0,0),
(113,'13133333333','天猫科技有限公司','前端架构工程师','小北','13133333333','2-5人','本科以上','有开发3年经验优先','6千~2万2','广州',0,0),
(114,'13133333333','天猫科技有限公司','网页设计开发','小北','13133333333','2-3人','本科以上','有开发2年经验优先','6千~1万2','广州越秀',0,0),
(115,'13133333333','天猫科技有限公司','Android UI开发','小北','13133333333','1-3人','本科以上','有开发年经验优先','7千~2万','深圳',0,0),
(116,'13133333333','天猫科技有限公司','java web 前端','小北','13133333333','2-3人','本科以上','有开发2年经验优先','6千~1万2','广州天河区',0,0),
(117,'13477777777','字节跳动科技有限公司','前端架构工程师','小北','13477777777','2-5人','本科以上','有开发3年经验优先','6千~2万2','广州越秀区',0,0),
(118,'13477777777','字节跳动科技有限公司','网页设计开发','小北','13477777777','2-3人','本科以上','有开发2年经验优先','6千~1万2','广州天河区',0,0),
(119,'13477777777','字节跳动科技有限公司','Android UI开发','小北','13477777777','1-3人','本科以上','有开发年经验优先','7千~2万','深圳',0,0),
(120,'13477777777','字节跳动科技有限公司','java web 前端','小北','13477777777','2-3人','本科以上','有开发2年经验优先','6千~1万2','广州花都区',0,0),
(121,'13488888888','阿里巴巴科技有限公司','前端架构工程师','小北','13488888888','2-5人','本科以上','有开发3年经验优先','8千~2万2','广州花都区',0,0),
(122,'13488888888','阿里巴巴科技有限公司','网页设计开发','小北','13488888888','2-3人','本科以上','有开发2年经验优先','8千~1万6','广州越秀区',0,0),
(123,'13488888888','阿里巴巴科技有限公司','Android UI开发','小北','13488888888','1-3人','本科以上','有开发年经验优先','7千~2万','深圳南山区',0,0),
(124,'13488888888','阿里巴巴科技有限公司','java web 前端','小北','13488888888','2-3人','本科以上','有开发2年经验优先','6千~1万8','广州天河区',0,0),
(125,'13499999999','风腾科技有限公司','网页设计开发','小发','13499999999','2-3人','本科以上','有开发2年经验优先','6千~1万2','广州天河区',0,0),
(126,'13499999999','风腾科技有限公司','Android UI开发','小发','13499999999','1-3人','本科以上','有开发年经验优先','7千~2万','深圳',0,0),
(127,'13499999999','风腾科技有限公司','java web 前端','小发','13499999999','2-3人','本科以上','有开发2年经验优先','6千~1万2','广州',0,0),
(128,'13499999999','风腾科技有限公司','前端架构工程师','小发','13499999999','2-5人','本科以上','有开发3年经验优先','8千~2万2','广州花都区',0,0),
(129,'13499999999','风腾科技有限公司','网页设计开发','小发','13499999999','2-3人','本科以上','有开发2年经验优先','8千~1万6','广州越秀区',0,0),
(130,'13133333333','天猫科技有限公司','前端架构工程师','小北','13133333333','2-5人','本科以上','有开发3年经验优先','6千~2万2','广州',0,0),
(131,'13133333333','天猫科技有限公司','网页设计开发','小北','13133333333','2-3人','本科以上','有开发2年经验优先','6千~1万2','广州越秀',0,0),
(132,'13133333333','天猫科技有限公司','Android UI开发','小北','13133333333','1-3人','本科以上','有开发年经验优先','7千~2万','深圳',0,0),
(133,'13133333333','天猫科技有限公司','java web 前端','小北','13133333333','2-3人','本科以上','有开发2年经验优先','6千~1万2','广州天河区',0,0),
(134,'13477777777','字节跳动科技有限公司','前端架构工程师','小北','13477777777','2-5人','本科以上','有开发3年经验优先','6千~2万2','广州越秀区',0,0),
(135,'13477777777','字节跳动科技有限公司','网页设计开发','小北','13477777777','2-3人','本科以上','有开发2年经验优先','6千~1万2','广州天河区',0,0),
(136,'13477777777','字节跳动科技有限公司','Android UI开发','小北','13477777777','1-3人','本科以上','有开发年经验优先','7千~2万','深圳',0,0),
(137,'13477777777','字节跳动科技有限公司','java web 前端','小北','13477777777','2-3人','本科以上','有开发2年经验优先','6千~1万2','广州花都区',0,0),
(138,'13488888888','阿里巴巴科技有限公司','前端架构工程师','小北','13488888888','2-5人','本科以上','有开发3年经验优先','8千~2万2','广州花都区',0,0),
(139,'13488888888','阿里巴巴科技有限公司','网页设计开发','小北','13488888888','2-3人','本科以上','有开发2年经验优先','8千~1万6','广州越秀区',0,0),
(140,'13488888888','阿里巴巴科技有限公司','Android UI开发','小北','13488888888','1-3人','本科以上','有开发年经验优先','7千~2万','深圳南山区',0,0),
(141,'13488888888','阿里巴巴科技有限公司','java web 前端','小北','13488888888','2-3人','本科以上','有开发2年经验优先','6千~1万8','广州天河区',0,0),
(142,'13499999999','风腾科技有限公司','网页设计开发','小发','13499999999','2-3人','本科以上','有开发2年经验优先','6千~1万2','广州天河区',0,0),
(143,'13499999999','风腾科技有限公司','Android UI开发','小发','13499999999','1-3人','本科以上','有开发年经验优先','7千~2万','深圳',0,0),
(144,'13499999999','风腾科技有限公司','java web 前端','小发','13499999999','2-3人','本科以上','有开发2年经验优先','6千~1万2','广州',0,0),
(145,'13499999999','风腾科技有限公司','前端架构工程师','小发','13499999999','2-5人','本科以上','有开发3年经验优先','8千~2万2','广州花都区',0,0),
(146,'13499999999','风腾科技有限公司','网页设计开发','小发','13499999999','2-3人','本科以上','有开发2年经验优先','8千~1万6','广州越秀区',0,0),
(147,'13133333333','天猫科技有限公司','前端架构工程师','小北','13133333333','2-5人','本科以上','有开发3年经验优先','6千~2万2','广州',0,0),
(148,'13133333333','天猫科技有限公司','网页设计开发','小北','13133333333','2-3人','本科以上','有开发2年经验优先','6千~1万2','广州越秀',0,0),
(149,'13133333333','天猫科技有限公司','Android UI开发','小北','13133333333','1-3人','本科以上','有开发年经验优先','7千~2万','深圳',0,0),
(150,'13133333333','天猫科技有限公司','java web 前端','小北','13133333333','2-3人','本科以上','有开发2年经验优先','6千~1万2','广州天河区',0,0),
(151,'13477777777','字节跳动科技有限公司','前端架构工程师','小北','13477777777','2-5人','本科以上','有开发3年经验优先','6千~2万2','广州越秀区',0,0),
(152,'13477777777','字节跳动科技有限公司','网页设计开发','小北','13477777777','2-3人','本科以上','有开发2年经验优先','6千~1万2','广州天河区',0,0),
(153,'13477777777','字节跳动科技有限公司','Android UI开发','小北','13477777777','1-3人','本科以上','有开发年经验优先','7千~2万','深圳',0,0),
(154,'13477777777','字节跳动科技有限公司','java web 前端','小北','13477777777','2-3人','本科以上','有开发2年经验优先','6千~1万2','广州花都区',0,0),
(155,'13488888888','阿里巴巴科技有限公司','前端架构工程师','小北','13488888888','2-5人','本科以上','有开发3年经验优先','8千~2万2','广州花都区',0,0),
(156,'13488888888','阿里巴巴科技有限公司','网页设计开发','小北','13488888888','2-3人','本科以上','有开发2年经验优先','8千~1万6','广州越秀区',0,0),
(157,'13488888888','阿里巴巴科技有限公司','Android UI开发','小北','13488888888','1-3人','本科以上','有开发年经验优先','7千~2万','深圳南山区',0,0),
(158,'13488888888','阿里巴巴科技有限公司','java web 前端','小北','13488888888','2-3人','本科以上','有开发2年经验优先','6千~1万8','广州天河区',0,0),
(159,'13499999999','风腾科技有限公司','网页设计开发','小发','13499999999','2-3人','本科以上','有开发2年经验优先','6千~1万2','广州天河区',0,0),
(160,'13499999999','风腾科技有限公司','Android UI开发','小发','13499999999','1-3人','本科以上','有开发年经验优先','7千~2万','深圳',0,0),
(161,'13499999999','风腾科技有限公司','java web 前端','小发','13499999999','2-3人','本科以上','有开发2年经验优先','6千~1万2','广州',0,0),
(162,'13499999999','风腾科技有限公司','前端架构工程师','小发','13499999999','2-5人','本科以上','有开发3年经验优先','8千~2万2','广州花都区',0,0),
(163,'13499999999','风腾科技有限公司','网页设计开发','小发','13499999999','2-3人','本科以上','有开发2年经验优先','8千~1万6','广州越秀区',0,0),
(164,'13133333333','天猫科技有限公司','前端架构工程师','小北','13133333333','2-5人','本科以上','有开发3年经验优先','6千~2万2','广州',0,0),
(165,'13133333333','天猫科技有限公司','网页设计开发','小北','13133333333','2-3人','本科以上','有开发2年经验优先','6千~1万2','广州越秀',0,0),
(166,'13133333333','天猫科技有限公司','Android UI开发','小北','13133333333','1-3人','本科以上','有开发年经验优先','7千~2万','深圳',0,0),
(167,'13133333333','天猫科技有限公司','java web 前端','小北','13133333333','2-3人','本科以上','有开发2年经验优先','6千~1万2','广州天河区',0,0),
(168,'13133333333','天猫科技有限公司','前端架构工程师','小北','13133333333','2-5人','本科以上','有开发3年经验优先','6千~2万2','广州',0,0),
(169,'13133333333','天猫科技有限公司','网页设计开发','小北','13133333333','2-3人','本科以上','有开发2年经验优先','6千~1万2','广州越秀',0,0),
(170,'13133333333','天猫科技有限公司','Android UI开发','小北','13133333333','1-3人','本科以上','有开发年经验优先','7千~2万','深圳',0,0),
(171,'13133333333','天猫科技有限公司','java web 前端','小北','13133333333','2-3人','本科以上','有开发2年经验优先','6千~1万2','广州天河区',0,0),
(172,'13111111111','天马科技有限公司','java','陈应权','13232194373','1-2人','研究生','有经验优先考虑','9k-16K','广州',0,0),
(173,'13111111111','华夏科技有限公司','python','陈应权','13232194373','2-3人','本科','有经验优先','15K-20K','广州天河区',0,0);

/*Table structure for table `employtable` */

DROP TABLE IF EXISTS `employtable`;

CREATE TABLE `employtable` (
  `EmployNumber` int(11) NOT NULL AUTO_INCREMENT,
  `EcompanyNumber` int(11) DEFAULT NULL,
  `EstaffNumber` int(11) DEFAULT NULL,
  PRIMARY KEY (`EmployNumber`)
) ENGINE=InnoDB AUTO_INCREMENT=19 DEFAULT CHARSET=utf8;

/*Data for the table `employtable` */

insert  into `employtable`(`EmployNumber`,`EcompanyNumber`,`EstaffNumber`) values 
(1,1,2),
(2,1,5),
(3,1,7),
(4,2,17),
(5,2,38),
(6,3,6),
(7,3,9),
(8,3,10),
(9,4,22),
(10,4,25),
(11,4,30),
(12,5,28),
(13,5,29),
(14,6,14),
(15,7,31),
(16,7,34),
(17,8,9),
(18,8,15);

/*Table structure for table `invitiontable` */

DROP TABLE IF EXISTS `invitiontable`;

CREATE TABLE `invitiontable` (
  `InvitionNumber` int(11) NOT NULL AUTO_INCREMENT,
  `IcompanyNumber` int(11) DEFAULT NULL,
  `IstaffNumber` int(11) DEFAULT NULL,
  PRIMARY KEY (`InvitionNumber`)
) ENGINE=InnoDB AUTO_INCREMENT=43 DEFAULT CHARSET=utf8;

/*Data for the table `invitiontable` */

insert  into `invitiontable`(`InvitionNumber`,`IcompanyNumber`,`IstaffNumber`) values 
(1,1,2),
(2,1,5),
(3,1,7),
(4,1,8),
(5,2,15),
(6,2,17),
(7,2,38),
(8,3,5),
(9,3,6),
(10,3,9),
(11,3,10),
(12,3,12),
(13,4,11),
(14,4,14),
(15,4,17),
(16,4,22),
(17,4,25),
(18,4,27),
(19,4,30),
(20,5,12),
(21,5,15),
(22,5,17),
(23,5,28),
(24,5,29),
(25,6,5),
(26,6,6),
(27,6,11),
(28,6,14),
(29,6,17),
(30,6,22),
(31,7,26),
(32,7,31),
(33,7,34),
(34,7,37),
(36,7,40),
(37,8,7),
(38,8,8),
(39,8,9),
(40,8,15),
(41,8,26),
(42,8,29);

/*Table structure for table `puttable` */

DROP TABLE IF EXISTS `puttable`;

CREATE TABLE `puttable` (
  `PutNumber` int(11) NOT NULL AUTO_INCREMENT,
  `PcompanyNumber` int(11) DEFAULT NULL,
  `PstaffNumber` int(11) DEFAULT NULL,
  PRIMARY KEY (`PutNumber`)
) ENGINE=InnoDB AUTO_INCREMENT=102 DEFAULT CHARSET=utf8;

/*Data for the table `puttable` */

insert  into `puttable`(`PutNumber`,`PcompanyNumber`,`PstaffNumber`) values 
(1,1,2),
(2,1,5),
(3,1,7),
(4,1,8),
(5,1,9),
(6,1,15),
(7,1,26),
(8,2,1),
(9,2,4),
(10,2,7),
(11,2,9),
(12,2,15),
(13,2,17),
(14,2,38),
(15,3,5),
(16,3,6),
(17,3,9),
(18,3,10),
(19,3,12),
(20,3,17),
(21,3,22),
(22,3,25),
(23,3,27),
(24,3,28),
(25,3,29),
(26,4,5),
(27,4,6),
(28,4,11),
(29,4,14),
(30,4,17),
(31,4,22),
(32,4,25),
(33,4,27),
(34,4,30),
(35,4,31),
(36,4,34),
(37,4,36),
(38,5,1),
(39,5,4),
(40,5,7),
(51,5,12),
(52,5,15),
(53,5,17),
(54,5,28),
(55,5,29),
(56,6,5),
(57,6,6),
(58,6,11),
(59,6,14),
(60,6,17),
(61,6,22),
(62,6,25),
(63,6,27),
(64,6,38),
(65,7,9),
(66,7,15),
(67,7,26),
(68,7,31),
(69,7,34),
(70,7,37),
(81,7,38),
(82,7,40),
(83,8,7),
(84,8,8),
(85,8,9),
(86,8,15),
(87,8,26),
(88,8,29),
(89,8,32),
(90,8,35),
(96,3,1),
(97,22,1),
(98,25,1),
(99,171,1),
(101,7,1);

/*Table structure for table `stafftable` */

DROP TABLE IF EXISTS `stafftable`;

CREATE TABLE `stafftable` (
  `staffNumber` int(11) NOT NULL AUTO_INCREMENT,
  `staffName` varchar(10) DEFAULT NULL,
  `staffId` varchar(11) DEFAULT NULL,
  `staffPwd` varchar(20) DEFAULT NULL,
  `staffCard` varchar(18) DEFAULT NULL,
  `staffAddress` varchar(30) DEFAULT NULL,
  `staffPhone` varchar(11) DEFAULT NULL,
  `staffLearn` varchar(20) DEFAULT NULL,
  `staffJob` varchar(30) DEFAULT NULL,
  `staffSign` int(11) DEFAULT NULL,
  PRIMARY KEY (`staffNumber`)
) ENGINE=InnoDB AUTO_INCREMENT=42 DEFAULT CHARSET=utf8;

/*Data for the table `stafftable` */

insert  into `stafftable`(`staffNumber`,`staffName`,`staffId`,`staffPwd`,`staffCard`,`staffAddress`,`staffPhone`,`staffLearn`,`staffJob`,`staffSign`) values 
(1,'陈东','13144444444','123','440981200110174512','广州花都区','13144444444','硕士研究生','java工程师',0),
(2,'陈南','13155555555','123','440971200111127832','深圳','13155555555','本科','web工程师',0),
(3,'陈西','13166666666','123','440981200110174512','广州','13166666666','本科','c工程师',0),
(4,'陈北','13177777777','123','440971200111127832','深圳','13177777777','本科','python工程师',0),
(5,'李东','13188888888','123','440981200110174512','广州','13188888888','本科','java工程师',0),
(6,'李南','13199999999','123','440971200111127832','深圳','13199999999','本科','vue工程师',0),
(7,'李东','13211111111','123','440981200110174512','广州','13211111111','本科','java工程师',0),
(8,'李南','13222222222','123','440971200111127832','深圳','13222222222','本科','c++工程师',0),
(9,'刘东','13233333333','123','440981200110174512','广州','13233333333','本科','java工程师',0),
(10,'刘南','13244444444','123','440971200111127832','深圳','13244444444','本科','后端工程师',0),
(11,'刘西','13255555555','123','440981200110174512','广州','13255555555','本科','java工程师',0),
(12,'刘北','13266666666','123','440971200111127832','深圳','13266666666','本科','python工程师',0),
(13,'杨东','13277777777','123','440981200110174512','广州','13277777777','本科','java工程师',0),
(14,'杨南','13288888888','123','440971200111127832','深圳','13288888888','本科','微信小程序工程师',0),
(15,'杨西','13299999999','123','440981200110174512','广州','13299999999','本科','java工程师',0),
(16,'杨北','13311111111','123','440971200111127832','深圳','13311111111','本科','BSP工程师',0),
(17,'孙东','13322222222','123','440981200110174512','广州','13322222222','本科','java工程师',0),
(18,'孙南','13333333333','123','440971200111127832','深圳','13333333333','本科','前端工程师',0),
(19,'孙西','13344444444','123','440981200110174512','广州','13344444444','本科','java web工程师',0),
(20,'孙北','13355555555','123','440971200111127832','深圳','13355555555','本科','python工程师',0),
(21,'朱东','13477777777','123','440971200111127832','深圳','13477777777','大专','中高级UI设计师',0),
(22,'朱南','13488888888','123','440971200111127832','深圳','13488888888','本科','python工程师',0),
(23,'朱西','13499999999','123','440971200111127832','深圳','13499999999','研究生','前端软件工程师',0),
(24,'朱北','13500000000','123','440971202011127832','深圳','13500000000','本科','python工程师',0),
(25,'韩东','13511111111','123','440971200110927832','深圳','13511111111','硕士研究生','大数据架构师',0),
(26,'韩南','13522222222','123','440971200108127832','深圳','13522222222','本科','python工程师',0),
(27,'韩西','13533333333','123','440971200106157832','深圳','13533333333','大专','UI交互设计师',0),
(28,'韩北','13544444444','123','440971200011127832','深圳','13544444444','本科','嵌入式软件开发',0),
(29,'曹南','13555555555','123','44097120010212832','深圳','13555555555','博士生','JAVA系统架构师',0),
(30,'曹北','13566666666','123','440971200112127832','深圳','13566666666','本科','BSP工程师',0),
(31,'王东','13366666666','123','440981200110174512','广州','13366666666','本科','java工程师',0),
(32,'王南','13377777777','123','440971200111127832','深圳','13377777777','本科','web工程师',0),
(33,'王西','13388888888','123','440981200110174512','广州','13388888888','本科','c工程师',0),
(34,'王北','13399999999','123','440971200111127832','深圳','13399999999','本科','python工程师',0),
(35,'黄东','13400000000','123','440981200110174512','广州','13400000000','本科','java工程师',0),
(36,'黄南','13411111111','123','440971200111127832','深圳','13411111111','本科','vue工程师',0),
(37,'赵东','13422222222','123','440981200110174512','广州','13422222222','本科','java工程师',0),
(38,'赵南','13433333333','123','440971200111127832','深圳','13433333333','本科','c++工程师',0),
(39,'赵西','13455555555','123','440981200110174512','广州','13455555555','本科','java工程师',0),
(40,'赵北','13466666666','123','440971200111127832','深圳','13466666666','本科','后端工程师',1),
(41,'123','13232194373','123',NULL,NULL,NULL,NULL,NULL,0);

/*Table structure for table `usertable` */

DROP TABLE IF EXISTS `usertable`;

CREATE TABLE `usertable` (
  `userNumber` int(11) NOT NULL AUTO_INCREMENT,
  `userName` varchar(10) DEFAULT NULL,
  `userId` varchar(11) DEFAULT NULL,
  `userPwd` varchar(20) DEFAULT NULL,
  `userRole` int(11) DEFAULT NULL,
  `userSign` int(11) DEFAULT NULL,
  PRIMARY KEY (`userNumber`)
) ENGINE=InnoDB AUTO_INCREMENT=12 DEFAULT CHARSET=utf8;

/*Data for the table `usertable` */

insert  into `usertable`(`userNumber`,`userName`,`userId`,`userPwd`,`userRole`,`userSign`) values 
(1,'管理员','13100000000','123',1,0),
(2,'小南','13111111111','123',2,0),
(3,'小西','13122222222','123',2,0),
(4,'小北','13133333333','123',2,0),
(5,'小红','13477777777','123',2,0),
(6,'小中','13488888888','123',2,0),
(7,'小发','13499999999','123',2,0),
(8,'小财','13500000000','123',2,1),
(9,'陈夏','13450133851','123',1,0),
(10,'陈志金','13232194374','123',1,0),
(11,'杨大力','13232194377','123',2,1);

/*Table structure for table `companyview` */

DROP TABLE IF EXISTS `companyview`;

/*!50001 DROP VIEW IF EXISTS `companyview` */;
/*!50001 DROP TABLE IF EXISTS `companyview` */;

/*!50001 CREATE TABLE  `companyview`(
 `userNumber` int(11) ,
 `userName` varchar(10) ,
 `userId` varchar(11) 
)*/;

/*Table structure for table `positionview` */

DROP TABLE IF EXISTS `positionview`;

/*!50001 DROP VIEW IF EXISTS `positionview` */;
/*!50001 DROP TABLE IF EXISTS `positionview` */;

/*!50001 CREATE TABLE  `positionview`(
 `companyNumber` int(11) ,
 `companyId` varchar(11) ,
 `companyName` varchar(30) ,
 `companyPosition` varchar(20) ,
 `companyPerson` varchar(10) ,
 `companyPhone` varchar(11) ,
 `companyCount` varchar(10) ,
 `companyLearn` varchar(200) ,
 `companyRequest` varchar(20) ,
 `companyMoney` varchar(20) ,
 `companyAddress` varchar(30) 
)*/;

/*Table structure for table `staffview` */

DROP TABLE IF EXISTS `staffview`;

/*!50001 DROP VIEW IF EXISTS `staffview` */;
/*!50001 DROP TABLE IF EXISTS `staffview` */;

/*!50001 CREATE TABLE  `staffview`(
 `staffNumber` int(11) ,
 `staffName` varchar(10) ,
 `staffId` varchar(11) ,
 `staffCard` varchar(18) ,
 `staffAddress` varchar(30) ,
 `staffPhone` varchar(11) ,
 `staffLearn` varchar(20) ,
 `staffJob` varchar(30) 
)*/;

/*View structure for view companyview */

/*!50001 DROP TABLE IF EXISTS `companyview` */;
/*!50001 DROP VIEW IF EXISTS `companyview` */;

/*!50001 CREATE ALGORITHM=UNDEFINED DEFINER=`root`@`localhost` SQL SECURITY DEFINER VIEW `companyview` AS select `usertable`.`userNumber` AS `userNumber`,`usertable`.`userName` AS `userName`,`usertable`.`userId` AS `userId` from `usertable` where ((`usertable`.`userRole` = 2) and (`usertable`.`userSign` = 0)) WITH CASCADED CHECK OPTION */;

/*View structure for view positionview */

/*!50001 DROP TABLE IF EXISTS `positionview` */;
/*!50001 DROP VIEW IF EXISTS `positionview` */;

/*!50001 CREATE ALGORITHM=UNDEFINED DEFINER=`root`@`localhost` SQL SECURITY DEFINER VIEW `positionview` AS select `companytable`.`companyNumber` AS `companyNumber`,`companytable`.`companyId` AS `companyId`,`companytable`.`companyName` AS `companyName`,`companytable`.`companyPosition` AS `companyPosition`,`companytable`.`companyPerson` AS `companyPerson`,`companytable`.`companyPhone` AS `companyPhone`,`companytable`.`companyCount` AS `companyCount`,`companytable`.`companyLearn` AS `companyLearn`,`companytable`.`companyRequest` AS `companyRequest`,`companytable`.`companyMoney` AS `companyMoney`,`companytable`.`companyAddress` AS `companyAddress` from `companytable` where ((`companytable`.`companySign` = 0) and (`companytable`.`companyFlag` = 0)) WITH CASCADED CHECK OPTION */;

/*View structure for view staffview */

/*!50001 DROP TABLE IF EXISTS `staffview` */;
/*!50001 DROP VIEW IF EXISTS `staffview` */;

/*!50001 CREATE ALGORITHM=UNDEFINED DEFINER=`root`@`localhost` SQL SECURITY DEFINER VIEW `staffview` AS select `stafftable`.`staffNumber` AS `staffNumber`,`stafftable`.`staffName` AS `staffName`,`stafftable`.`staffId` AS `staffId`,`stafftable`.`staffCard` AS `staffCard`,`stafftable`.`staffAddress` AS `staffAddress`,`stafftable`.`staffPhone` AS `staffPhone`,`stafftable`.`staffLearn` AS `staffLearn`,`stafftable`.`staffJob` AS `staffJob` from `stafftable` where (`stafftable`.`staffSign` = 0) WITH CASCADED CHECK OPTION */;

/*!40101 SET SQL_MODE=@OLD_SQL_MODE */;
/*!40014 SET FOREIGN_KEY_CHECKS=@OLD_FOREIGN_KEY_CHECKS */;
/*!40014 SET UNIQUE_CHECKS=@OLD_UNIQUE_CHECKS */;
/*!40111 SET SQL_NOTES=@OLD_SQL_NOTES */;
